{
    "_id": {
      "$oid": "6610b16a6b1a9eb824ea8a3d"
    },
    "product_name": "Blue Shirt",
    "cost": "10",
    "in_stock": "true",
    "description": "h&m brand",
    "image": "1.jpeg",
    "created_at": {
      "$date": "2024-04-06T02:20:26.186Z"
    },
    "status": "active",
    "category": "6610b11b6b1a9eb824ea8a3a",
    "category_id": "6610b11b6b1a9eb824ea8a3a"
  } 
  {
    "_id": {
      "$oid": "6610b2096b1a9eb824ea8a3e"
    },
    "product_name": "Black Shirt",
    "cost": "10",
    "in_stock": "true",
    "description": "H&M",
    "image": "1.jpeg",
    "created_at": {
      "$date": "2024-04-06T02:23:05.428Z"
    },
    "status": "active",
    "category": "6610b11b6b1a9eb824ea8a3a",
    "category_id": "6610b11b6b1a9eb824ea8a3a"
  }

  /** 
* Paste one or more documents here
*/
{
    "product_name": "jackets blue",
    "cost": "12",
    "in_stock": "true",
    "description": "1",
    "image": null,
    "created_at": {
      "$date": "2024-04-06T02:26:01.961Z"
    },
    "status": "active",
    "category": "6610b11b6b1a9eb824ea8a3a",
    "category_id": "6610b11b6b1a9eb824ea8a3a"

  }


  ==


  {
    "_id": {
      "$oid": "6610b2836b1a9eb824ea8a3f"
    },
    "product_name": "some shirt",
    "cost": "20",
    "in_stock": "true",
    "description": "some short",
    "image": "1.jpeg",
    "created_at": {
      "$date": "2024-04-06T02:25:07.047Z"
    },
    "status": "active",
    "category": "6610b11b6b1a9eb824ea8a3a"
  }


  {
    "_id": {
      "$oid": "6612d5414177d0f338a11273"
    },
    "product_name": "wings of fire",
    "cost": "20",
    "in_stock": "true",
    "description": "some book",
    "image": "1.jpeg",
    "created_at": {
      "$date": "2024-04-07T17:17:53.231Z"
    },
    "status": "active",
    "category": "6610b11b6b1a9eb824ea8a3a"
  }